"","X1","decimal","year","month","co2","ch4","sf6","n2o"
"1",1,1980.125,1980,2,339.27,NA,NA,NA
"2",2,1980.208,1980,3,339.6,NA,NA,NA
"3",3,1980.292,1980,4,340,NA,NA,NA
"4",4,1980.375,1980,5,340.43,NA,NA,NA
"5",5,1980.458,1980,6,339.99,NA,NA,NA
"6",6,1980.542,1980,7,338.45,NA,NA,NA
"7",7,1980.625,1980,8,337.22,NA,NA,NA
"8",8,1980.708,1980,9,337.05,NA,NA,NA
"9",9,1980.792,1980,10,337.83,NA,NA,NA
"10",10,1980.875,1980,11,338.93,NA,NA,NA
"11",11,1980.958,1980,12,339.64,NA,NA,NA
"12",12,1981.042,1981,1,340.19,NA,NA,NA
"13",13,1981.125,1981,2,340.75,NA,NA,NA
"14",14,1981.208,1981,3,341.39,NA,NA,NA
"15",15,1981.292,1981,4,341.68,NA,NA,NA
"16",16,1981.375,1981,5,341.42,NA,NA,NA
"17",17,1981.458,1981,6,340.62,NA,NA,NA
"18",18,1981.542,1981,7,339.23,NA,NA,NA
"19",19,1981.625,1981,8,338.08,NA,NA,NA
"20",20,1981.708,1981,9,337.97,NA,NA,NA
"21",21,1981.792,1981,10,339.07,NA,NA,NA
"22",22,1981.875,1981,11,340.17,NA,NA,NA
"23",23,1981.958,1981,12,340.75,NA,NA,NA
"24",24,1982.042,1982,1,341.37,NA,NA,NA
"25",25,1982.125,1982,2,341.95,NA,NA,NA
"26",26,1982.208,1982,3,342.23,NA,NA,NA
"27",27,1982.292,1982,4,342.52,NA,NA,NA
"28",28,1982.375,1982,5,342.36,NA,NA,NA
"29",29,1982.458,1982,6,341.49,NA,NA,NA
"30",30,1982.542,1982,7,339.75,NA,NA,NA
"31",31,1982.625,1982,8,338.11,NA,NA,NA
"32",32,1982.708,1982,9,338.16,NA,NA,NA
"33",33,1982.792,1982,10,339.62,NA,NA,NA
"34",34,1982.875,1982,11,340.95,NA,NA,NA
"35",35,1982.958,1982,12,341.77,NA,NA,NA
"36",36,1983.042,1983,1,342.36,NA,NA,NA
"37",37,1983.125,1983,2,342.74,NA,NA,NA
"38",38,1983.208,1983,3,343.03,NA,NA,NA
"39",39,1983.292,1983,4,343.51,NA,NA,NA
"40",40,1983.375,1983,5,343.83,NA,NA,NA
"41",41,1983.458,1983,6,343.5,NA,NA,NA
"42",42,1983.542,1983,7,342.14,1625.9,NA,NA
"43",43,1983.625,1983,8,340.63,1628,NA,NA
"44",44,1983.708,1983,9,340.54,1638.4,NA,NA
"45",45,1983.792,1983,10,341.75,1644.8,NA,NA
"46",46,1983.875,1983,11,342.82,1642.5,NA,NA
"47",47,1983.958,1983,12,343.48,1639.5,NA,NA
"48",48,1984.042,1984,1,344.32,1638.6,NA,NA
"49",49,1984.125,1984,2,344.82,1638.7,NA,NA
"50",50,1984.208,1984,3,344.96,1640.8,NA,NA
"51",51,1984.292,1984,4,345.19,1643.7,NA,NA
"52",52,1984.375,1984,5,345.33,1642.9,NA,NA
"53",53,1984.458,1984,6,344.57,1639.6,NA,NA
"54",54,1984.542,1984,7,343.2,1637.7,NA,NA
"55",55,1984.625,1984,8,342.21,1641.3,NA,NA
"56",56,1984.708,1984,9,342.13,1650.4,NA,NA
"57",57,1984.792,1984,10,342.99,1654.4,NA,NA
"58",58,1984.875,1984,11,344.16,1653.6,NA,NA
"59",59,1984.958,1984,12,345.01,1656.1,NA,NA
"60",60,1985.042,1985,1,345.36,1655.5,NA,NA
"61",61,1985.125,1985,2,345.81,1652.2,NA,NA
"62",62,1985.208,1985,3,346.65,1654.6,NA,NA
"63",63,1985.292,1985,4,346.95,1658.1,NA,NA
"64",64,1985.375,1985,5,346.79,1655.8,NA,NA
"65",65,1985.458,1985,6,346.28,1650,NA,NA
"66",66,1985.542,1985,7,344.94,1646.8,NA,NA
"67",67,1985.625,1985,8,343.42,1652.2,NA,NA
"68",68,1985.708,1985,9,343.37,1662.5,NA,NA
"69",69,1985.792,1985,10,344.65,1667.5,NA,NA
"70",70,1985.875,1985,11,345.79,1666.8,NA,NA
"71",71,1985.958,1985,12,346.55,1666,NA,NA
"72",72,1986.042,1986,1,347.11,1666.2,NA,NA
"73",73,1986.125,1986,2,347.33,1666.8,NA,NA
"74",74,1986.208,1986,3,347.71,1669.3,NA,NA
"75",75,1986.292,1986,4,348.23,1670.8,NA,NA
"76",76,1986.375,1986,5,348.32,1668.4,NA,NA
"77",77,1986.458,1986,6,347.76,1664.8,NA,NA
"78",78,1986.542,1986,7,346.29,1662.3,NA,NA
"79",79,1986.625,1986,8,344.91,1664.3,NA,NA
"80",80,1986.708,1986,9,344.85,1672.6,NA,NA
"81",81,1986.792,1986,10,346.03,1678.7,NA,NA
"82",82,1986.875,1986,11,347.3,1679,NA,NA
"83",83,1986.958,1986,12,347.75,1679.1,NA,NA
"84",84,1987.042,1987,1,348,1679.3,NA,NA
"85",85,1987.125,1987,2,348.55,1678.9,NA,NA
"86",86,1987.208,1987,3,349.27,1680.1,NA,NA
"87",87,1987.292,1987,4,349.96,1681.5,NA,NA
"88",88,1987.375,1987,5,350.23,1681.9,NA,NA
"89",89,1987.458,1987,6,349.47,1680.1,NA,NA
"90",90,1987.542,1987,7,347.9,1676,NA,NA
"91",91,1987.625,1987,8,346.65,1677.2,NA,NA
"92",92,1987.708,1987,9,346.69,1685.7,NA,NA
"93",93,1987.792,1987,10,347.96,1691.6,NA,NA
"94",94,1987.875,1987,11,349.24,1691.2,NA,NA
"95",95,1987.958,1987,12,350.19,1690.5,NA,NA
"96",96,1988.042,1988,1,350.91,1691.9,NA,NA
"97",97,1988.125,1988,2,351.47,1692.5,NA,NA
"98",98,1988.208,1988,3,351.85,1691.2,NA,NA
"99",99,1988.292,1988,4,352.3,1690,NA,NA
"100",100,1988.375,1988,5,352.46,1689,NA,NA
"101",101,1988.458,1988,6,351.76,1687.1,NA,NA
"102",102,1988.542,1988,7,350.28,1685.9,NA,NA
"103",103,1988.625,1988,8,349.1,1689.3,NA,NA
"104",104,1988.708,1988,9,349.28,1696.2,NA,NA
"105",105,1988.792,1988,10,350.44,1701.3,NA,NA
"106",106,1988.875,1988,11,351.61,1702.9,NA,NA
"107",107,1988.958,1988,12,352.46,1702,NA,NA
"108",108,1989.042,1989,1,352.99,1700.5,NA,NA
"109",109,1989.125,1989,2,353.45,1701.1,NA,NA
"110",110,1989.208,1989,3,354,1702.6,NA,NA
"111",111,1989.292,1989,4,354.38,1703.7,NA,NA
"112",112,1989.375,1989,5,354.19,1703.4,NA,NA
"113",113,1989.458,1989,6,353.26,1700.2,NA,NA
"114",114,1989.542,1989,7,351.56,1698.2,NA,NA
"115",115,1989.625,1989,8,350.21,1701.9,NA,NA
"116",116,1989.708,1989,9,350.56,1707.2,NA,NA
"117",117,1989.792,1989,10,351.85,1710.5,NA,NA
"118",118,1989.875,1989,11,353.03,1713.1,NA,NA
"119",119,1989.958,1989,12,353.9,1713.2,NA,NA
"120",120,1990.042,1990,1,354.45,1711.9,NA,NA
"121",121,1990.125,1990,2,354.86,1713.3,NA,NA
"122",122,1990.208,1990,3,355.19,1714.4,NA,NA
"123",123,1990.292,1990,4,355.5,1712.6,NA,NA
"124",124,1990.375,1990,5,355.4,1710.7,NA,NA
"125",125,1990.458,1990,6,354.31,1708.3,NA,NA
"126",126,1990.542,1990,7,352.7,1706.3,NA,NA
"127",127,1990.625,1990,8,351.6,1710.1,NA,NA
"128",128,1990.708,1990,9,351.8,1717.5,NA,NA
"129",129,1990.792,1990,10,353.19,1722,NA,NA
"130",130,1990.875,1990,11,354.44,1723.5,NA,NA
"131",131,1990.958,1990,12,355.17,1723.4,NA,NA
"132",132,1991.042,1991,1,355.74,1721.6,NA,NA
"133",133,1991.125,1991,2,356.17,1721.1,NA,NA
"134",134,1991.208,1991,3,356.69,1722.1,NA,NA
"135",135,1991.292,1991,4,357.21,1722.6,NA,NA
"136",136,1991.375,1991,5,357.1,1722.4,NA,NA
"137",137,1991.458,1991,6,356.17,1719.2,NA,NA
"138",138,1991.542,1991,7,354.53,1716.2,NA,NA
"139",139,1991.625,1991,8,353.03,1719.3,NA,NA
"140",140,1991.708,1991,9,352.9,1726.3,NA,NA
"141",141,1991.792,1991,10,354.01,1732.8,NA,NA
"142",142,1991.875,1991,11,355.15,1737.5,NA,NA
"143",143,1991.958,1991,12,355.95,1739.6,NA,NA
"144",144,1992.042,1992,1,356.53,1738.9,NA,NA
"145",145,1992.125,1992,2,356.89,1737.3,NA,NA
"146",146,1992.208,1992,3,357.27,1736.9,NA,NA
"147",147,1992.292,1992,4,357.76,1736.6,NA,NA
"148",148,1992.375,1992,5,357.84,1734.9,NA,NA
"149",149,1992.458,1992,6,356.87,1731.6,NA,NA
"150",150,1992.542,1992,7,355.17,1728.8,NA,NA
"151",151,1992.625,1992,8,353.67,1730.4,NA,NA
"152",152,1992.708,1992,9,353.6,1734.7,NA,NA
"153",153,1992.792,1992,10,354.81,1737.7,NA,NA
"154",154,1992.875,1992,11,355.99,1739.3,NA,NA
"155",155,1992.958,1992,12,356.75,1738.6,NA,NA
"156",156,1993.042,1993,1,357.21,1735.7,NA,NA
"157",157,1993.125,1993,2,357.56,1734.4,NA,NA
"158",158,1993.208,1993,3,357.96,1735.5,NA,NA
"159",159,1993.292,1993,4,358.42,1736.7,NA,NA
"160",160,1993.375,1993,5,358.38,1735,NA,NA
"161",161,1993.458,1993,6,357.35,1730.8,NA,NA
"162",162,1993.542,1993,7,355.74,1728,NA,NA
"163",163,1993.625,1993,8,354.45,1731.2,NA,NA
"164",164,1993.708,1993,9,354.48,1738.4,NA,NA
"165",165,1993.792,1993,10,355.71,1743.3,NA,NA
"166",166,1993.875,1993,11,356.95,1745.2,NA,NA
"167",167,1993.958,1993,12,357.85,1744.3,NA,NA
"168",168,1994.042,1994,1,358.48,1741.4,NA,NA
"169",169,1994.125,1994,2,359.01,1740.9,NA,NA
"170",170,1994.208,1994,3,359.36,1741.9,NA,NA
"171",171,1994.292,1994,4,359.71,1741.9,NA,NA
"172",172,1994.375,1994,5,359.74,1740.6,NA,NA
"173",173,1994.458,1994,6,358.81,1736.9,NA,NA
"174",174,1994.542,1994,7,357.27,1732.4,NA,NA
"175",175,1994.625,1994,8,356.05,1734.1,NA,NA
"176",176,1994.708,1994,9,356.01,1743,NA,NA
"177",177,1994.792,1994,10,357.26,1749.8,NA,NA
"178",178,1994.875,1994,11,358.68,1751.2,NA,NA
"179",179,1994.958,1994,12,359.55,1751.6,NA,NA
"180",180,1995.042,1995,1,360.15,1751,NA,NA
"181",181,1995.125,1995,2,360.64,1749.4,NA,NA
"182",182,1995.208,1995,3,361.09,1749,NA,NA
"183",183,1995.292,1995,4,361.56,1749.5,NA,NA
"184",184,1995.375,1995,5,361.47,1747.7,NA,NA
"185",185,1995.458,1995,6,360.61,1742.8,NA,NA
"186",186,1995.542,1995,7,359,1740.1,NA,NA
"187",187,1995.625,1995,8,357.73,1743.5,NA,NA
"188",188,1995.708,1995,9,358.06,1749.7,NA,NA
"189",189,1995.792,1995,10,359.43,1754.2,NA,NA
"190",190,1995.875,1995,11,360.77,1755.3,NA,NA
"191",191,1995.958,1995,12,361.65,1753.8,NA,NA
"192",192,1996.042,1996,1,362.14,1752.4,NA,NA
"193",193,1996.125,1996,2,362.5,1752.9,NA,NA
"194",194,1996.208,1996,3,362.82,1752.4,NA,NA
"195",195,1996.292,1996,4,363.14,1749.9,NA,NA
"196",196,1996.375,1996,5,363.29,1748.6,NA,NA
"197",197,1996.458,1996,6,362.88,1746.2,NA,NA
"198",198,1996.542,1996,7,361.57,1742.2,NA,NA
"199",199,1996.625,1996,8,360.07,1744.6,NA,NA
"200",200,1996.708,1996,9,359.71,1753,NA,NA
"201",201,1996.792,1996,10,360.67,1758.9,NA,NA
"202",202,1996.875,1996,11,361.78,1759.9,NA,NA
"203",203,1996.958,1996,12,362.63,1756.8,NA,NA
"204",204,1997.042,1997,1,363.28,1753.3,NA,NA
"205",205,1997.125,1997,2,363.65,1753.7,NA,NA
"206",206,1997.208,1997,3,364.03,1755.6,NA,NA
"207",207,1997.292,1997,4,364.5,1755.5,NA,NA
"208",208,1997.375,1997,5,364.51,1753.9,NA,NA
"209",209,1997.458,1997,6,363.6,1750.2,NA,NA
"210",210,1997.542,1997,7,361.93,1746.2,4,NA
"211",211,1997.625,1997,8,360.41,1747.9,4,NA
"212",212,1997.708,1997,9,360.41,1755.1,4.02,NA
"213",213,1997.792,1997,10,361.94,1760.3,4.05,NA
"214",214,1997.875,1997,11,363.61,1761.7,4.08,NA
"215",215,1997.958,1997,12,364.69,1761.9,4.1,NA
"216",216,1998.042,1998,1,365.19,1761.5,4.11,NA
"217",217,1998.125,1998,2,365.46,1761.5,4.13,NA
"218",218,1998.208,1998,3,365.94,1763,4.15,NA
"219",219,1998.292,1998,4,366.58,1764.7,4.18,NA
"220",220,1998.375,1998,5,366.86,1764.2,4.19,NA
"221",221,1998.458,1998,6,366.27,1760.3,4.2,NA
"222",222,1998.542,1998,7,364.84,1756.1,4.21,NA
"223",223,1998.625,1998,8,363.79,1760,4.22,NA
"224",224,1998.708,1998,9,364.04,1770.4,4.24,NA
"225",225,1998.792,1998,10,365.34,1776.1,4.27,NA
"226",226,1998.875,1998,11,366.6,1775.5,4.29,NA
"227",227,1998.958,1998,12,367.47,1774.2,4.31,NA
"228",228,1999.042,1999,1,368.12,1774,4.33,NA
"229",229,1999.125,1999,2,368.52,1774.1,4.35,NA
"230",230,1999.208,1999,3,368.91,1774.7,4.36,NA
"231",231,1999.292,1999,4,369.3,1775,4.36,NA
"232",232,1999.375,1999,5,369.2,1772.7,4.35,NA
"233",233,1999.458,1999,6,368.36,1767.4,4.36,NA
"234",234,1999.542,1999,7,366.69,1762.9,4.37,NA
"235",235,1999.625,1999,8,365.33,1764.7,4.38,NA
"236",236,1999.708,1999,9,365.45,1771.2,4.4,NA
"237",237,1999.792,1999,10,366.75,1776.8,4.43,NA
"238",238,1999.875,1999,11,368.05,1778.7,4.46,NA
"239",239,1999.958,1999,12,368.88,1777.3,4.48,NA
"240",240,2000.042,2000,1,369.41,1775.7,4.5,NA
"241",241,2000.125,2000,2,369.68,1775.8,4.51,NA
"242",242,2000.208,2000,3,370,1776.8,4.53,NA
"243",243,2000.292,2000,4,370.36,1777.3,4.55,NA
"244",244,2000.375,2000,5,370.25,1774.6,4.57,NA
"245",245,2000.458,2000,6,369.31,1768.2,4.57,NA
"246",246,2000.542,2000,7,367.91,1763.6,4.58,NA
"247",247,2000.625,2000,8,366.75,1765.6,4.59,NA
"248",248,2000.708,2000,9,366.7,1772.2,4.62,NA
"249",249,2000.792,2000,10,367.92,1777.1,4.65,NA
"250",250,2000.875,2000,11,369.29,1777.7,4.66,NA
"251",251,2000.958,2000,12,370.12,1775.3,4.68,NA
"252",252,2001.042,2001,1,370.69,1772.9,4.69,316.3
"253",253,2001.125,2001,2,371.18,1772.5,4.71,316.3
"254",254,2001.208,2001,3,371.59,1773.7,4.73,316.2
"255",255,2001.292,2001,4,371.91,1773.9,4.75,316.1
"256",256,2001.375,2001,5,371.81,1770.7,4.76,316.1
"257",257,2001.458,2001,6,370.85,1765.9,4.76,316.2
"258",258,2001.542,2001,7,369.45,1762.8,4.77,316.2
"259",259,2001.625,2001,8,368.32,1764.3,4.79,316.3
"260",260,2001.708,2001,9,368.36,1770.4,4.81,316.4
"261",261,2001.792,2001,10,369.72,1775.5,4.83,316.6
"262",262,2001.875,2001,11,371.04,1776.6,4.86,316.8
"263",263,2001.958,2001,12,371.96,1776,4.88,316.9
"264",264,2002.042,2002,1,372.53,1774.1,4.89,316.9
"265",265,2002.125,2002,2,372.92,1772.8,4.91,317
"266",266,2002.208,2002,3,373.38,1773.4,4.93,317
"267",267,2002.292,2002,4,373.72,1772.7,4.95,316.9
"268",268,2002.375,2002,5,373.7,1770.2,4.96,316.9
"269",269,2002.458,2002,6,372.84,1766.9,4.96,316.8
"270",270,2002.542,2002,7,371.41,1764.4,4.98,316.8
"271",271,2002.625,2002,8,370.36,1767.1,4.99,316.8
"272",272,2002.708,2002,9,370.68,1773.8,5.01,316.9
"273",273,2002.792,2002,10,371.95,1778.3,5.03,317
"274",274,2002.875,2002,11,373.29,1779.6,5.06,317.1
"275",275,2002.958,2002,12,374.27,1779.8,5.09,317.2
"276",276,2003.042,2003,1,374.95,1777.6,5.11,317.3
"277",277,2003.125,2003,2,375.47,1774.9,5.12,317.3
"278",278,2003.208,2003,3,375.91,1775,5.15,317.4
"279",279,2003.292,2003,4,376.39,1775.9,5.19,317.5
"280",280,2003.375,2003,5,376.51,1774.5,5.22,317.5
"281",281,2003.458,2003,6,375.68,1771.7,5.23,317.5
"282",282,2003.542,2003,7,374.16,1770.7,5.24,317.6
"283",283,2003.625,2003,8,372.94,1774.2,5.25,317.6
"284",284,2003.708,2003,9,373.11,1780.5,5.28,317.8
"285",285,2003.792,2003,10,374.39,1784.7,5.3,317.9
"286",286,2003.875,2003,11,375.68,1785.4,5.32,318
"287",287,2003.958,2003,12,376.53,1783.7,5.34,318.1
"288",288,2004.042,2004,1,377.21,1780.9,5.36,318.2
"289",289,2004.125,2004,2,377.73,1780,5.38,318.2
"290",290,2004.208,2004,3,378.15,1781,5.4,318.2
"291",291,2004.292,2004,4,378.47,1780.7,5.42,318.1
"292",292,2004.375,2004,5,378.4,1777.5,5.44,318.1
"293",293,2004.458,2004,6,377.51,1772.3,5.44,318.1
"294",294,2004.542,2004,7,375.97,1768,5.45,318.1
"295",295,2004.625,2004,8,374.51,1769.7,5.47,318.2
"296",296,2004.708,2004,9,374.4,1775.4,5.49,318.2
"297",297,2004.792,2004,10,375.73,1779.6,5.51,318.3
"298",298,2004.875,2004,11,377.2,1780.5,5.54,318.6
"299",299,2004.958,2004,12,378.16,1778.3,5.56,318.8
"300",300,2005.042,2005,1,378.73,1776.1,5.58,318.9
"301",301,2005.125,2005,2,379.19,1775.6,5.6,318.9
"302",302,2005.208,2005,3,379.82,1775.5,5.62,318.9
"303",303,2005.292,2005,4,380.3,1774.6,5.64,318.8
"304",304,2005.375,2005,5,380.42,1772.3,5.65,318.7
"305",305,2005.458,2005,6,379.61,1768.7,5.65,318.6
"306",306,2005.542,2005,7,377.95,1766.3,5.66,318.7
"307",307,2005.625,2005,8,376.73,1768,5.68,318.8
"308",308,2005.708,2005,9,376.78,1773.1,5.7,318.9
"309",309,2005.792,2005,10,378.09,1778.5,5.73,319.1
"310",310,2005.875,2005,11,379.54,1781.1,5.75,319.4
"311",311,2005.958,2005,12,380.52,1780.1,5.78,319.6
"312",312,2006.042,2006,1,381.32,1779.5,5.81,319.7
"313",313,2006.125,2006,2,381.94,1779.6,5.83,319.8
"314",314,2006.208,2006,3,382.32,1777.5,5.85,319.8
"315",315,2006.292,2006,4,382.65,1776.1,5.87,319.7
"316",316,2006.375,2006,5,382.61,1775,5.89,319.7
"317",317,2006.458,2006,6,381.74,1769.3,5.9,319.7
"318",318,2006.542,2006,7,380.07,1764,5.91,319.6
"319",319,2006.625,2006,8,378.5,1767.1,5.93,319.7
"320",320,2006.708,2006,9,378.62,1774.6,5.94,319.8
"321",321,2006.792,2006,10,380.04,1778.3,5.97,320
"322",322,2006.875,2006,11,381.41,1779.2,6,320.2
"323",323,2006.958,2006,12,382.38,1780.1,6.03,320.3
"324",324,2007.042,2007,1,383.03,1779.3,6.06,320.4
"325",325,2007.125,2007,2,383.54,1778.7,6.09,320.4
"326",326,2007.208,2007,3,384.01,1780.4,6.12,320.3
"327",327,2007.292,2007,4,384.28,1781.2,6.14,320.2
"328",328,2007.375,2007,5,384.12,1779.5,6.15,320.2
"329",329,2007.458,2007,6,383.26,1775.6,6.16,320.3
"330",330,2007.542,2007,7,381.56,1772.6,6.17,320.2
"331",331,2007.625,2007,8,380.3,1777.2,6.19,320.2
"332",332,2007.708,2007,9,380.69,1785.9,6.22,320.5
"333",333,2007.792,2007,10,382.11,1789.8,6.25,320.7
"334",334,2007.875,2007,11,383.45,1789.6,6.28,321
"335",335,2007.958,2007,12,384.46,1788.4,6.31,321.2
"336",336,2008.042,2008,1,385.22,1786.7,6.34,321.3
"337",337,2008.125,2008,2,385.74,1785.8,6.37,321.4
"338",338,2008.208,2008,3,386.15,1786.1,6.39,321.4
"339",339,2008.292,2008,4,386.54,1786.8,6.41,321.4
"340",340,2008.375,2008,5,386.49,1785.1,6.44,321.4
"341",341,2008.458,2008,6,385.57,1780.4,6.45,321.5
"342",342,2008.542,2008,7,384.08,1777.5,6.46,321.4
"343",343,2008.625,2008,8,382.76,1781,6.48,321.4
"344",344,2008.708,2008,9,382.54,1787.7,6.51,321.5
"345",345,2008.792,2008,10,383.66,1793.7,6.55,321.6
"346",346,2008.875,2008,11,385.17,1797.4,6.59,321.8
"347",347,2008.958,2008,12,386.27,1796.7,6.62,322
"348",348,2009.042,2009,1,387.03,1795.1,6.64,322.2
"349",349,2009.125,2009,2,387.48,1795.6,6.67,322.3
"350",350,2009.208,2009,3,387.71,1796,6.69,322.3
"351",351,2009.292,2009,4,387.98,1795.6,6.71,322.1
"352",352,2009.375,2009,5,387.95,1792.3,6.72,322
"353",353,2009.458,2009,6,386.96,1786.8,6.73,322
"354",354,2009.542,2009,7,385.02,1785,6.75,322
"355",355,2009.625,2009,8,383.64,1788.8,6.77,322.1
"356",356,2009.708,2009,9,383.94,1794.8,6.8,322.3
"357",357,2009.792,2009,10,385.5,1798,6.83,322.5
"358",358,2009.875,2009,11,386.94,1797.9,6.86,322.7
"359",359,2009.958,2009,12,387.83,1796.7,6.89,322.8
"360",360,2010.042,2010,1,388.62,1797.2,6.92,322.9
"361",361,2010.125,2010,2,389.33,1798.8,6.95,322.9
"362",362,2010.208,2010,3,389.68,1799.5,6.98,322.9
"363",363,2010.292,2010,4,389.98,1799.6,6.99,323
"364",364,2010.375,2010,5,389.95,1797.8,7.01,323
"365",365,2010.458,2010,6,389.01,1792.7,7.03,323
"366",366,2010.542,2010,7,387.36,1789.5,7.05,323
"367",367,2010.625,2010,8,386.23,1794.1,7.07,323.1
"368",368,2010.708,2010,9,386.7,1801.9,7.08,323.3
"369",369,2010.792,2010,10,388.25,1806.6,7.1,323.5
"370",370,2010.875,2010,11,389.62,1807,7.13,323.8
"371",371,2010.958,2010,12,390.36,1803.6,7.16,323.9
"372",372,2011.042,2011,1,390.92,1800.4,7.18,324
"373",373,2011.125,2011,2,391.35,1800.2,7.2,324.1
"374",374,2011.208,2011,3,391.67,1801,7.23,324.1
"375",375,2011.292,2011,4,392.05,1802.8,7.26,324.1
"376",376,2011.375,2011,5,392.07,1803.3,7.28,324.1
"377",377,2011.458,2011,6,391.13,1799.2,7.3,324
"378",378,2011.542,2011,7,389.19,1796.1,7.3,324.1
"379",379,2011.625,2011,8,387.87,1798.9,7.31,324.1
"380",380,2011.708,2011,9,388.27,1804,7.33,324.2
"381",381,2011.792,2011,10,389.83,1809.5,7.37,324.4
"382",382,2011.875,2011,11,391.21,1812.3,7.41,324.6
"383",383,2011.958,2011,12,392.04,1810,7.44,324.8
"384",384,2012.042,2012,1,392.61,1807.3,7.47,324.9
"385",385,2012.125,2012,2,393.2,1808.2,7.5,325
"386",386,2012.208,2012,3,393.73,1809.9,7.53,325
"387",387,2012.292,2012,4,393.99,1808.4,7.55,324.9
"388",388,2012.375,2012,5,393.88,1804.7,7.57,324.9
"389",389,2012.458,2012,6,392.84,1800.9,7.59,324.9
"390",390,2012.542,2012,7,391,1799.2,7.6,324.9
"391",391,2012.625,2012,8,389.89,1803.2,7.62,325
"392",392,2012.708,2012,9,390.55,1810.1,7.65,325.1
"393",393,2012.792,2012,10,392.16,1814.7,7.69,325.3
"394",394,2012.875,2012,11,393.56,1815.9,7.73,325.4
"395",395,2012.958,2012,12,394.39,1814.6,7.75,325.5
"396",396,2013.042,2013,1,395.07,1814.1,7.78,325.6
"397",397,2013.125,2013,2,395.69,1814.2,7.8,325.6
"398",398,2013.208,2013,3,396.28,1813.3,7.83,325.7
"399",399,2013.292,2013,4,396.74,1812.8,7.85,325.7
"400",400,2013.375,2013,5,396.75,1811.8,7.88,325.8
"401",401,2013.458,2013,6,395.95,1808.4,7.9,325.9
"402",402,2013.542,2013,7,394.47,1805.7,7.92,326
"403",403,2013.625,2013,8,393.23,1808.3,7.94,326
"404",404,2013.708,2013,9,393.21,1814.2,7.97,326
"405",405,2013.792,2013,10,394.5,1818.5,8,326.2
"406",406,2013.875,2013,11,395.96,1820.4,8.04,326.4
"407",407,2013.958,2013,12,396.87,1819.4,8.06,326.5
"408",408,2014.042,2014,1,397.51,1816.9,8.09,326.6
"409",409,2014.125,2014,2,397.97,1816.4,8.11,326.7
"410",410,2014.208,2014,3,398.27,1818.1,8.14,326.7
"411",411,2014.292,2014,4,398.63,1820.9,8.18,326.8
"412",412,2014.375,2014,5,398.69,1821.9,8.21,326.8
"413",413,2014.458,2014,6,397.73,1818.4,8.23,326.9
"414",414,2014.542,2014,7,396.14,1815.6,8.26,327
"415",415,2014.625,2014,8,395.03,1819.8,8.28,327.2
"416",416,2014.708,2014,9,395.11,1826.9,8.31,327.3
"417",417,2014.792,2014,10,396.37,1831.2,8.35,327.5
"418",418,2014.875,2014,11,397.85,1833.1,8.39,327.7
"419",419,2014.958,2014,12,398.83,1833.5,8.42,327.9
"420",420,2015.042,2015,1,399.56,1832.9,8.44,328
"421",421,2015.125,2015,2,400.11,1832.7,8.47,328.1
"422",422,2015.208,2015,3,400.56,1833,8.5,328
"423",423,2015.292,2015,4,400.95,1833.2,8.52,328
"424",424,2015.375,2015,5,400.9,1831.8,8.54,327.9
"425",425,2015.458,2015,6,400.06,1827.3,8.56,328
"426",426,2015.542,2015,7,398.39,1824.8,8.58,328
"427",427,2015.625,2015,8,397.08,1829.1,8.6,328.1
"428",428,2015.708,2015,9,397.34,1836.2,8.63,328.2
"429",429,2015.792,2015,10,398.8,1841.5,8.67,328.4
"430",430,2015.875,2015,11,400.36,1844.7,8.71,328.6
"431",431,2015.958,2015,12,401.66,1844.9,8.74,328.8
"432",432,2016.042,2016,1,402.64,1842.4,8.77,328.9
"433",433,2016.125,2016,2,403.27,1841.6,8.8,328.9
"434",434,2016.208,2016,3,403.86,1843,8.83,328.9
"435",435,2016.292,2016,4,404.39,1843.7,8.86,328.9
"436",436,2016.375,2016,5,404.45,1842.1,8.89,328.9
"437",437,2016.458,2016,6,403.66,1837.9,8.91,328.9
"438",438,2016.542,2016,7,402.11,1834.3,8.91,328.8
"439",439,2016.625,2016,8,400.8,1836.8,8.92,328.8
"440",440,2016.708,2016,9,400.99,1844.2,8.94,328.9
"441",441,2016.792,2016,10,402.42,1849.9,8.99,329
"442",442,2016.875,2016,11,403.78,1851.4,9.03,329.2
"443",443,2016.958,2016,12,404.69,1851.1,9.07,329.4
"444",444,2017.042,2017,1,405.32,1849.8,9.1,329.5
"445",445,2017.125,2017,2,405.91,1848.5,9.13,329.5
"446",446,2017.208,2017,3,406.31,1848.3,9.17,329.5
"447",447,2017.292,2017,4,406.6,1848.6,9.2,329.5
"448",448,2017.375,2017,5,406.64,1847.1,9.23,329.5
"449",449,2017.458,2017,6,405.86,1842.9,9.24,329.6
"450",450,2017.542,2017,7,404.11,1840.4,9.26,329.7
"451",451,2017.625,2017,8,402.57,1844.7,9.29,329.8
"452",452,2017.708,2017,9,402.66,1852.8,9.32,329.9
"453",453,2017.792,2017,10,404.16,1858.1,9.35,330
"454",454,2017.875,2017,11,405.7,1858.7,9.39,330.2
"455",455,2017.958,2017,12,406.75,1856.7,9.42,330.3
"456",456,2018.042,2018,1,407.56,1854.4,9.45,330.4
"457",457,2018.125,2018,2,408.23,1854.9,9.48,330.6
"458",458,2018.208,2018,3,408.76,1856.9,9.51,330.7
"459",459,2018.292,2018,4,409.08,1856.6,9.53,330.7
"460",460,2018.375,2018,5,408.98,1854.7,9.55,330.7
"461",461,2018.458,2018,6,408.09,1851.9,9.58,330.7
"462",462,2018.542,2018,7,406.47,1849,9.61,330.7
"463",463,2018.625,2018,8,405.1,1851.8,9.63,330.9
"464",464,2018.708,2018,9,405.17,1860.4,9.66,331.1
"465",465,2018.792,2018,10,406.65,1865.7,9.7,331.3
"466",466,2018.875,2018,11,408.13,1866.2,9.75,331.5
"467",467,2018.958,2018,12,409.18,1866,9.78,331.7
"468",468,2019.042,2019,1,409.91,1865,9.8,331.8
"469",469,2019.125,2019,2,410.34,1864.9,9.82,331.8
"470",470,2019.208,2019,3,410.89,1866.2,9.85,331.7
"471",471,2019.292,2019,4,411.34,1865.2,9.88,331.6
"472",472,2019.375,2019,5,411.34,1861.9,9.9,331.6
"473",473,2019.458,2019,6,410.53,1858.8,9.92,331.7
"474",474,2019.542,2019,7,408.88,1858.4,9.96,331.9
"475",475,2019.625,2019,8,407.64,1862.9,9.98,331.9
"476",476,2019.708,2019,9,407.92,1870.7,10,331.9
"477",477,2019.792,2019,10,409.44,1875.3,10.03,332.1
"478",478,2019.875,2019,11,410.88,1875.5,10.06,332.3
"479",479,2019.958,2019,12,411.75,1874.6,10.09,332.4
"480",480,2020.042,2020,1,412.4,1873,10.12,332.5
"481",481,2020.125,2020,2,412.94,1872.7,10.15,332.6
"482",482,2020.208,2020,3,413.44,1875,10.18,332.6
"483",483,2020.292,2020,4,413.86,1876.2,10.2,332.7
"484",484,2020.375,2020,5,413.8,1874.4,10.23,332.8
"485",485,2020.458,2020,6,412.88,1871.9,10.26,332.9
"486",486,2020.542,2020,7,411.17,1871.6,10.28,333
"487",487,2020.625,2020,8,409.74,1876.5,10.3,333.2
"488",488,2020.708,2020,9,410.06,1884.8,10.33,333.3
"489",489,2020.792,2020,10,411.71,1890.4,10.36,333.4
"490",490,2020.875,2020,11,413.26,1892.3,10.39,333.6
"491",491,2020.958,2020,12,414.2,1892.3,NA,NA
"492",492,2021.042,2021,1,415.13,NA,NA,NA
